Workbook
Name RATE_REVIEW: Rates!$B$9
Name RATE_POSTEDIT: Rates!$B$10
Name RATE_TRANSLATION: Rates!$B$8
Name RATE_HOURLY: Rates!$B$4

Sheet SUMMARY
A1: Budget & Hours Summary
A2: # | B2: Name | C2: Role | D2: Department | E2: Hourly Hrs | F2: Hourly Cost (br) | G2: Word Count | H2: Translation Cost (br) | I2: LQA Cost (br) | J2: Total Cost (br)
A3: TERMINOLOGISTS
A4: 1 | B4: Team Member 1 | C4: Terminologist - Lead | D4: Terminologists | E4: =IFERROR(SUMIF(Terminologists!$B$4:$B$5,B4,Terminologists!$G$4:$G$5),0) -> 1.25 | F4: =IFERROR(SUMIF(Terminologists!$B$4:$B$5,B4,Terminologists!$H$4:$H$5),0) -> 25 | G4: =IFERROR(SUMIF(Translation!$B$4:$B$7,B4,Translation!$F$4:$F$6),0) -> 500 | H4: =IFERROR(SUMIF(Translation!$B$4:$B$7,B4,Translation!$H$4:$H$6),0) -> 20 | I4: =SUMIF(LQA!$B$4:$B$38,TEXT(B4,"@"),LQA!$H$4:$H$38) -> 0 | J4: =IFERROR(F4,0)+IFERROR(H4,0) -> 45
A5: 2 | B5: Team Member 2 | C5: Terminologist | D5: Terminologists | E5: =IFERROR(SUMIF(Terminologists!$B$4:$B$5,B5,Terminologists!$G$4:$G$5),0) -> 1.25 | F5: =IFERROR(SUMIF(Terminologists!$B$4:$B$5,B5,Terminologists!$H$4:$H$5),0) -> 25 | G5: =IFERROR(SUMIF(Translation!$B$4:$B$7,B5,Translation!$F$4:$F$6),0) -> 0 | H5: =IFERROR(SUMIF(Translation!$B$4:$B$7,B5,Translation!$H$4:$H$6),0) -> 0 | I5: =SUMIF(LQA!$B$4:$B$38,TEXT(B5,"@"),LQA!$H$4:$H$38) -> 10 | J5: =IFERROR(F5,0)+IFERROR(H5,0) -> 25
A6: Terminologists — Subtotal | E6: =SUM(E4:E5) -> 2.5 | F6: =SUM(F4:F5) -> 50 | G6: =SUM(G4:G5) -> 500 | H6: =SUM(H4:H5) -> 20 | J6: =SUM(J4:J5) -> 70
A8: LANGUAGE ANALYSTS
A9: 3 | B9: Team Member 3 | C9: Language Analyst - Lead | D9: Language Analysts | E9: =IFERROR(SUMIF('Language Analysts'!$B$4:$B$5,B9,'Language Analysts'!$G$4:$G$5),0) -> 1 | F9: =IFERROR(SUMIF('Language Analysts'!$B$4:$B$5,B9,'Language Analysts'!$H$4:$H$5),0) -> 20 | G9: =IFERROR(SUMIF(Translation!$B$4:$B$7,B9,Translation!$F$4:$F$6),0) -> 500 | H9: =IFERROR(SUMIF(Translation!$B$4:$B$7,B9,Translation!$H$4:$H$6),0) -> 20 | I9: =SUMIF(LQA!$B$4:$B$38,TEXT(B9,"@"),LQA!$H$4:$H$38) -> 0 | J9: =IFERROR(F9,0)+IFERROR(H9,0)+IFERROR(I9,0) -> 40
A10: 4 | B10: Team Member 4 | C10: Language Analyst | D10: Language Analysts | E10: =IFERROR(SUMIF('Language Analysts'!$B$4:$B$5,B10,'Language Analysts'!$G$4:$G$5),0) -> 1 | F10: =IFERROR(SUMIF('Language Analysts'!$B$4:$B$5,B10,'Language Analysts'!$H$4:$H$5),0) -> 20 | G10: =IFERROR(SUMIF(Translation!$B$4:$B$7,B10,Translation!$F$4:$F$6),0) -> 0 | H10: =IFERROR(SUMIF(Translation!$B$4:$B$7,B10,Translation!$H$4:$H$6),0) -> 0 | I10: =SUMIF(LQA!$B$4:$B$38,TEXT(B10,"@"),LQA!$H$4:$H$38) -> 10 | J10: =IFERROR(F10,0)+IFERROR(H10,0)+IFERROR(I10,0) -> 30
A11: Language Analysts — Subtotal | E11: =SUM(E9:E10) -> 2 | F11: =SUM(F9:F10) -> 40 | G11: =SUM(G9:G10) -> 500 | H11: =SUM(H9:H10) -> 20 | I11: =SUM(I9:I10) -> 10 | J11: =SUM(J9:J10) -> 70
A13: ENG & TESTING
A14: 5 | B14: Team Member 5 | C14: Engineer & Tester - Lead | D14: Eng & Testing | E14: =IFERROR(SUMIF('Eng & Testing'!$B$4:$B$5,B14,'Eng & Testing'!$G$4:$G$5),0) -> 0.5 | F14: =IFERROR(SUMIF('Eng & Testing'!$B$4:$B$5,B14,'Eng & Testing'!$H$4:$H$5),0) -> 10 | G14: =IFERROR(SUMIF(Translation!$B$4:$B$7,B14,Translation!$F$4:$F$6),0) -> 1000 | H14: =IFERROR(SUMIF(Translation!$B$4:$B$7,B14,Translation!$H$4:$H$6),0) -> 40 | I14: =IFERROR(SUMIF(LQA!$B$4:$B$38,B14,LQA!$H$4:$H$38),0) -> 0 | J14: =IFERROR(F14,0)+IFERROR(H14,0)+IFERROR(I14,0) -> 50
A15: 6 | B15: Team Member 6 | C15: Engineer & Tester | D15: Eng & Testing | E15: =IFERROR(SUMIF('Eng & Testing'!$B$4:$B$5,B15,'Eng & Testing'!$G$4:$G$5),0) -> 0.5 | F15: =IFERROR(SUMIF('Eng & Testing'!$B$4:$B$5,B15,'Eng & Testing'!$H$4:$H$5),0) -> 10 | G15: =IFERROR(SUMIF(Translation!$B$4:$B$7,B15,Translation!$F$4:$F$6),0) -> 0 | H15: =IFERROR(SUMIF(Translation!$B$4:$B$7,B15,Translation!$H$4:$H$6),0) -> 0 | I15: =IFERROR(SUMIF(LQA!$B$4:$B$38,B15,LQA!$H$4:$H$38),0) -> 10 | J15: =IFERROR(F15,0)+IFERROR(H15,0)+IFERROR(I15,0) -> 20
A16: Eng & Testing — Subtotal | E16: =SUM(E14:E15) -> 1 | F16: =SUM(F14:F15) -> 20 | G16: =SUM(G14:G15) -> 1000 | H16: =SUM(H14:H15) -> 40 | I16: =SUM(I14:I15) -> 10 | J16: =SUM(J14:J15) -> 70
A18: PROJECT MANAGEMENT
A19: 7 | B19: Team Member 7 | C19: Project Manager - Lead | D19: Project Management | E19: =IFERROR(SUMIF('Project Management'!B4:B5,B19,'Project Management'!$G$4:$G$5),0) -> 1.5 | F19: =IFERROR(SUMIF('Project Management'!B4:B5,B19,'Project Management'!H4:H5),0) -> 30 | G19: =IFERROR(SUMIF(Translation!$B$4:$B$7,B19,Translation!$F$4:$F$6),0) -> 1000 | H19: =IFERROR(SUMIF(Translation!$B$4:$B$7,B19,Translation!$H$4:$H$6),0) -> 40 | I19: =IFERROR(SUMIF(LQA!$B$4:$B$38,B19,LQA!$H$4:$H$38),0) -> 0 | J19: =IFERROR(F19,0)+IFERROR(H19,0)+IFERROR(I19,0) -> 70
A20: 8 | B20: Team Member 8 | C20: Project Manager | D20: Project Management | E20: =IFERROR(SUMIF('Project Management'!B5:B6,B20,'Project Management'!$G$4:$G$5),0) -> 1.5 | F20: =IFERROR(SUMIF('Project Management'!B5:B6,B20,'Project Management'!H5:H6),0) -> 30 | G20: =IFERROR(SUMIF(Translation!$B$4:$B$6,B20,Translation!$F$4:$F$6),0) -> 0 | H20: =IFERROR(SUMIF(Translation!$B$4:$B$7,B20,Translation!$H$4:$H$6),0) -> 0 | I20: =IFERROR(SUMIF(LQA!$B$4:$B$38,B20,LQA!$H$4:$H$38),0) -> 10 | J20: =IFERROR(F20,0)+IFERROR(H20,0)+IFERROR(I20,0) -> 40
A21: Project Management — Subtotal | E21: =SUM(E19) -> 1.5 | F21: =SUM(F19) -> 30 | G21: =SUM(G19) -> 1000 | H21: =SUM(H19) -> 40 | I21: =SUM(I19) -> 0 | J21: =SUM(J19) -> 70
A23: GRAND TOTAL | E23: =E6+E11+E16+E21 -> 7 | F23: =F6+F11+F16+F21 -> 140 | G23: =G6+G11+G16+G21 -> 3000 | H23: =H6+H11+H16+H21 -> 120 | I23: =I21+I16+I11 -> 20 | J23: =J6+J11+J16+J21 -> 280
A25: BUDGET | J25: 5750
A27: REMAINING | J27: =J25-J23 -> 5470
A29: DPT | B29: Total Hours | C29: Total Cost | D29: % of Total Hrs | E29: % of Total Cost
A30: Analysts | B30: =E11 -> 2 | C30: =J11 -> 70 | D30: =IFERROR(B30/E23,0) -> 0.28571429 | E30: =IFERROR(C30/$J$23,0) -> 0.25
A31: Terminologists | B31: =E6 -> 2.5 | C31: =J6 -> 70 | D31: =IFERROR(B31/E23,0) -> 0.35714286 | E31: =IFERROR(C31/$J$23,0) -> 0.25
A32: Eng & Testing | B32: =E16 -> 1 | C32: =J16 -> 70 | D32: =IFERROR(B32/E23,0) -> 0.14285714 | E32: =IFERROR(C32/$J$23,0) -> 0.25
A33: Project Management | B33: =E21 -> 1.5 | C33: =J21 -> 70 | D33: =IFERROR(B33/E23,0) -> 0.21428571 | E33: =IFERROR(C33/$J$23,0) -> 0.25

Sheet Budget Planning
A1: Hours & Cost Summary
A3: ASSUMPTIONS — blue cells are changeable
A4: Budget (Br) | C4: 5750
A5: Word rate – TR translation (Br/word) | C5: 0.08
A6: Word rate – Review (Br/word) | C6: 0.01
A7: Word rate – PE full (Br/word) | C7: 0.04
A8: Word rate – PE light (Br/word) | C8: 0.04
A9: Hourly rate (Br/hr) | C9: 20
A10: UI word count | C10: 11804
A11: Help word count | C11: 37683
A12: Total word count | C12: =C10+C11 -> 49487
A15: COST BREAKDOWN
A16: Line item | C16: Cost (Br)
A17: UI full post-editing (11,804 words × PE full rate) | C17: =C10*C7 -> 472.16
A18: Help light post-editing (37,683 words × PE light rate) | C18: =C11*C8 -> 1507.32
A19: Review — all words (49,487 words × review rate) | C19: =C12*C6 -> 494.87
A20: Total costs | C20: =C17+C18+C19 -> 2474.35
A21: Remaining | C21: =C4-C20 -> 3275.65
A25: HOURLY BUDGET ALLOCATION BY TEAM
A26: Team | B26: People | C26: Est. hr/person | D26: Total hours | E26: Rate (Br/hr) | F26: Cost (Br)
A27: Project Management | B27: 3 | C27: 10 | D27: =B27*C27 -> 30 | E27: =C9 -> 20 | F27: =D27*E27 -> 600
A28: Terminologists | B28: 6 | C28: 7 | D28: =B28*C28 -> 42 | E28: =C9 -> 20 | F28: =D28*E28 -> 840
A29: Language Analysts | B29: 7 | C29: 5 | D29: =B29*C29 -> 35 | E29: =C9 -> 20 | F29: =D29*E29 -> 700
A30: Engineers | B30: 6 | C30: 6 | D30: =B30*C30 -> 36 | E30: =C9 -> 20 | F30: =D30*E30 -> 720
A31: TOTAL | B31: =SUM(B27:B30) -> 22 | D31: =SUM(D27:D30) -> 143 | F31: =SUM(F27:F30) -> 2860

Sheet Rates
A1: Rate Card
A2: HOURLY RATE (all non-translation tasks)
A3: Task Type | B3: Rate (br/hr) | C3: Applies To
A4: All non-translation tasks | B4: 20 | C4: All roles (meetings, prep, QA, testing, PM…)
A6: WORD-BASED RATES (translation tasks)
A7: Task Type | B7: Rate (br/word) | C7: Notes
A8: Translation (TR) | B8: 0.08 | C8: Full human translation EN→TR
A9: Review | B9: 0.01 | C9: Proofreading / peer review of translation
A10: Post-Editing (PE) | B10: 0.04 | C10: Light or full post-editing of MT output
A12: ℹ️ formula use:
A13: B4 → RATE_HOURLY
A14: B8 → RATE_TRANSLATION
A15: B9 → RATE_REVIEW
A16: B10 → RATE_POSTEDIT

Sheet Project Plan
A1: WBS | B1: Task | C1: Start Date | D1: Due Date | E1: End Date | F1: Assignee | G1: Status
A2: 1.0 | B2: INITIATION
A3: 1.1 | B3: Kickoff Meeting & Role Confirmation
A4: 1.2 | B4: Project Plan Finalisation & Sign-off
A5: 2.0 | B5: SETUP & PREPARATION
A6: 2.1 | B6: Phrase TMS — Project & Workflow Setup
A7: 2.4 | B7: TM & Termbase Configuration in Phrase TMS
A8: 3.0 | B8: LINGUISTIC PREPARATION
A9: 3.1 | B9: Domain Research — DoubleCMD File Manager
A10: 3.3 | B10: Termbase Creation & Upload to Phrase TMS
A11: 3.4 | B11: Style Guide Drafting
A12: 3.5 | B12: Style Guide Review & Sign-off
A13: 4.0 | B13: TRANSLATION
... A32: 7.4 | B32: Presentation

Sheet Translation
A1: Translation Log | All 22 members
A2: ℹ️ Rates: Translation = 0.08 br/word | Review = 0.01 br/word | Post-Editing = 0.04 br/word | DO NOT CHANGE COLUMN G&H
A3: Date | B3: Name | C3: Role | D3: Task Type | E3: File / Segment | F3: Word Count | G3: Rate (br/word) | H3: Cost (br)
A4: 46174 | B4: Team Member 1 | C4: Terminologist - Lead | D4: Full PE (.po) | F4: 500 | G4: =IF(D4="Translation", RATE_TRANSLATION, IF(D4="Review", RATE_REVIEW, IF(D4="Full PE (.po)", RATE_POSTEDIT, IF(D4="Light PE (.html)", RATE_POSTEDIT, "")))) -> 0.04 | H4: =IF(AND(F4<>"",G4<>""),F4*G4,"") -> 20
A5: 46174 | B5: Team Member 3 | C5: Language Analyst - Lead | D5: Full PE (.po) | F5: 500 | G5: =IF(D5="Translation", RATE_TRANSLATION, IF(D5="Review", RATE_REVIEW, IF(D5="Full PE (.po)", RATE_POSTEDIT, IF(D5="Light PE (.html)", RATE_POSTEDIT, "")))) -> 0.04 | H5: =IF(AND(F5<>"",G5<>""),F5*G5,"") -> 20
A6: 46174 | B6: Team Member 5 | C6: Engineer - Lead | D6: Light PE (.html) | F6: 1000 | G6: =IF(D6="Translation", RATE_TRANSLATION, IF(D6="Review", RATE_REVIEW, IF(D6="Full PE (.po)", RATE_POSTEDIT, IF(D6="Light PE (.html)", RATE_POSTEDIT, "")))) -> 0.04 | H6: =IF(AND(F6<>"",G6<>""),F6*G6,"") -> 40
A7: 46174 | B7: Team Member 7 | C7: Project Manager - Lead | D7: Light PE (.html) | F7: 1000 | G7: =IF(D7="Translation", RATE_TRANSLATION, IF(D7="Review", RATE_REVIEW, IF(D7="Full PE (.po)", RATE_POSTEDIT, IF(D7="Light PE (.html)", RATE_POSTEDIT, "")))) -> 0.04 | H7: =IF(AND(F7<>"",G7<>""),F7*G7,"") -> 40
A8: TOTAL WORDS & COST | F8: =SUM(F4:F7) -> 3000 | H8: =SUM(H4:H6) -> 80

Sheet LQA
A1: LQA Log | All 10 members
A2: ℹ️ Rates: Translation = 0.08 br/word | Review = 0.01 br/word | Post-Editing = 0.04 br/word | DO NOT CHANGE COLUMN G&H
A3: Date | B3: Name | C3: Role | D3: Task Type | E3: File / Segment | F3: Word Count | G3: Rate (br/word) | H3: Cost (br) | I3: OG Translator | J3: LQA Score
A4: 46144 | B4: Team Member 2 | C4: Terminologist | D4: Review | F4: 1000 | G4: =IF(D4="Translation", RATE_TRANSLATION, IF(D4="Review", RATE_REVIEW, IF(D4="Full PE (.po)", RATE_POSTEDIT, IF(D4="Light PE (.html)", RATE_POSTEDIT, "")))) -> 0.01 | H4: =IF(AND(F4<>"",G4<>""),F4*G4,"") -> 10 | I4: Team Member 1 | J4: 100
A5: 46144 | B5: Team Member 4 | C5: Language Analyst | D5: Review | F5: 1000 | G5: =IF(D5="Translation", RATE_TRANSLATION, IF(D5="Review", RATE_REVIEW, IF(D5="Full PE (.po)", RATE_POSTEDIT, IF(D5="Light PE (.html)", RATE_POSTEDIT, "")))) -> 0.01 | H5: =IF(AND(F5<>"",G5<>""),F5*G5,"") -> 10 | I5: Team Member 3 | J5: 100
A6: 46144 | B6: Team Member 6 | C6: Engineer | D6: Review | F6: 1000 | G6: =IF(D6="Translation", RATE_TRANSLATION, IF(D6="Review", RATE_REVIEW, IF(D6="Full PE (.po)", RATE_POSTEDIT, IF(D6="Light PE (.html)", RATE_POSTEDIT, "")))) -> 0.01 | H6: =IF(AND(F6<>"",G6<>""),F6*G6,"") -> 10 | I6: Team Member 5 | J6: 100
A7: 46144 | B7: Team Member 8 | C7: Project Manager | D7: Review | F7: 1000 | G7: =IF(D7="Translation", RATE_TRANSLATION, IF(D7="Review", RATE_REVIEW, IF(D7="Full PE (.po)", RATE_POSTEDIT, IF(D7="Light PE (.html)", RATE_POSTEDIT, "")))) -> 0.01 | H7: =IF(AND(F7<>"",G7<>""),F7*G7,"") -> 10 | I7: Team Member 7 | J7: 100
A8: TOTAL WORDS & COST | F8: =SUM(F4:F7) -> 4000 | H8: =SUM(H4:H7) -> 40 | J8: =AVERAGE(J4:J7) -> 100

Sheet Testing
A1: Testing Log | All 12 members
A2: Log bugs in the Google Form | Log hours in job tab!
A3: Date | B3: Name | C3: Role | D3: Scenario No. | E3: Result | F3: Notes
A4: 46176 | B4: Team Member 5 | C4: Tester - Lead | D4: 1 | E4: Success
A5: 46176 | B5: Team Member 6 | C5: Tester | D5: 2 | E5: Fail

Sheet Language Analysts
A1: Work Log | Language Analysts
A2: ℹ️ Hours: enter as XhYm | DO NOT CHANGE COST COLUMN
A3: Date | B3: Name | C3: Role | D3: Task Category | E3: Task Description | F3: Hours | G3: Notes | H3: COST | I3: NOTES
A4: 46143 | B4: Team Member 3 | C4: Language Analyst - Lead | D4: Meeting | F4: 1h | G4: =IFERROR(IF(AND(ISNUMBER(SEARCH("h",F4)),ISNUMBER(SEARCH("m",F4))),VALUE(LEFT(F4,SEARCH("h",F4)-1))+VALUE(MID(F4,SEARCH("h",F4)+1,SEARCH("m",F4)-SEARCH("h",F4)-1))/60,IF(ISNUMBER(SEARCH("h",F4)),VALUE(LEFT(F4,SEARCH("h",F4)-1)),IF(ISNUMBER(SEARCH("m",F4)),VALUE(LEFT(F4,SEARCH("m",F4)-1))/60,VALUE(F4)))),0) -> 1 | H4: =IF(F4<>"",G4*RATE_HOURLY,"") -> 20
A5: 46143 | B5: Team Member 4 | C5: Language Analyst | D5: Meeting | F5: 1h | G5: =IFERROR(IF(AND(ISNUMBER(SEARCH("h",F5)),ISNUMBER(SEARCH("m",F5))),VALUE(LEFT(F5,SEARCH("h",F5)-1))+VALUE(MID(F5,SEARCH("h",F5)+1,SEARCH("m",F5)-SEARCH("h",F5)-1))/60,IF(ISNUMBER(SEARCH("h",F5)),VALUE(LEFT(F5,SEARCH("h",F5)-1)),IF(ISNUMBER(SEARCH("m",F5)),VALUE(LEFT(F5,SEARCH("m",F5)-1))/60,VALUE(F5)))),0) -> 1 | H5: =IF(F5<>"",G5*RATE_HOURLY,"") -> 20
A6: TOTAL | F6: =IF(INT(G6)>0,INT(G6)&"h "&TEXT(ROUND((G6-INT(G6))*60,0),"0")&"m",TEXT(ROUND(G6*60,0),"0")&"m") -> 2h 0m | G6: =SUM(G4:G5) -> 2 | H6: =SUM(H4:H5) -> 40

Sheet Eng & Testing
A1: Work Log | Eng & Testing
A2: ℹ️ Hours: enter as 1h30m · 45m · 2h · or decimal 1.5 | Date: DD.MM.YYYY
A3: Date | B3: Name | C3: Role | D3: Task Category | E3: Task Description | F3: Hours | G3: Notes | H3: COST | I3: NOTES
A4: 46143 | B4: Team Member 5 | C4: Engineer & Tester - Lead | D4: Meeting | F4: 30m | G4: =IFERROR(IF(AND(ISNUMBER(SEARCH("h",F4)),ISNUMBER(SEARCH("m",F4))),VALUE(LEFT(F4,SEARCH("h",F4)-1))+VALUE(MID(F4,SEARCH("h",F4)+1,SEARCH("m",F4)-SEARCH("h",F4)-1))/60,IF(ISNUMBER(SEARCH("h",F4)),VALUE(LEFT(F4,SEARCH("h",F4)-1)),IF(ISNUMBER(SEARCH("m",F4)),VALUE(LEFT(F4,SEARCH("m",F4)-1))/60,VALUE(F4)))),0) -> 0.5 | H4: =IF(F4<>"",G4*RATE_HOURLY,"") -> 10
A5: 46143 | B5: Team Member 6 | C5: Engineer & Tester | D5: Meeting | F5: 30m | G5: =IFERROR(IF(AND(ISNUMBER(SEARCH("h",F5)),ISNUMBER(SEARCH("m",F5))),VALUE(LEFT(F5,SEARCH("h",F5)-1))+VALUE(MID(F5,SEARCH("h",F5)+1,SEARCH("m",F5)-SEARCH("h",F5)-1))/60,IF(ISNUMBER(SEARCH("h",F5)),VALUE(LEFT(F5,SEARCH("h",F5)-1)),IF(ISNUMBER(SEARCH("m",F5)),VALUE(LEFT(F5,SEARCH("m",F5)-1))/60,VALUE(F5)))),0) -> 0.5 | H5: =IF(F5<>"",G5*RATE_HOURLY,"") -> 10
A6: TOTAL | F6: =IF(INT(G6)>0,INT(G6)&"h "&TEXT(ROUND((G6-INT(G6))*60,0),"0")&"m",TEXT(ROUND(G6*60,0),"0")&"m") -> 1h 0m | G6: =SUM(G4:G5) -> 1 | H6: =SUM(H4:H5) -> 20

Sheet Terminologists
A1: Work Log | Terminologists
A2: ℹ️ Hours: enter as XhYm | DO NOT CHANGE COST COLUMN
A3: Date | B3: Name | C3: Role | D3: Task Category | E3: Task Description | F3: Hours | G3: Notes | H3: COST | I3: NOTES
A4: 46143 | B4: Team Member 1 | C4: Terminologist - Lead | D4: Terminology Research | F4: 1h15m | G4: =IFERROR(IF(AND(ISNUMBER(SEARCH("h",F4)),ISNUMBER(SEARCH("m",F4))),VALUE(LEFT(F4,SEARCH("h",F4)-1))+VALUE(MID(F4,SEARCH("h",F4)+1,SEARCH("m",F4)-SEARCH("h",F4)-1))/60,IF(ISNUMBER(SEARCH("h",F4)),VALUE(LEFT(F4,SEARCH("h",F4)-1)),IF(ISNUMBER(SEARCH("m",F4)),VALUE(LEFT(F4,SEARCH("m",F4)-1))/60,VALUE(F4)))),0) -> 1.25 | H4: =IF(F4<>"",G4*RATE_HOURLY,"") -> 25
A5: 46143 | B5: Team Member 2 | C5: Terminologist | D5: Terminology Research | F5: 1h15m | G5: =IFERROR(IF(AND(ISNUMBER(SEARCH("h",F5)),ISNUMBER(SEARCH("m",F5))),VALUE(LEFT(F5,SEARCH("h",F5)-1))+VALUE(MID(F5,SEARCH("h",F5)+1,SEARCH("m",F5)-SEARCH("h",F5)-1))/60,IF(ISNUMBER(SEARCH("h",F5)),VALUE(LEFT(F5,SEARCH("h",F5)-1)),IF(ISNUMBER(SEARCH("m",F5)),VALUE(LEFT(F5,SEARCH("m",F5)-1))/60,VALUE(F5)))),0) -> 1.25 | H5: =IF(F5<>"",G5*RATE_HOURLY,"") -> 25
A6: TOTAL | F6: =IF(INT(G6)>0,INT(G6)&"h "&TEXT(ROUND((G6-INT(G6))*60,0),"0")&"m",TEXT(ROUND(G6*60,0),"0")&"m") -> 2h 30m | G6: =SUM(G4:G5) -> 2.5 | H6: =SUM(H4:H5) -> 50

Sheet Project Management
A1: 📋 TR48A — Work Log | Project Management
A2: ℹ️ Hours: enter as 1h30m · 45m · 2h · or decimal 1.5 | Date: DD.MM.YYYY | DO NOT CHANGE COST COLUMN
A3: Date | B3: Name | C3: Role | D3: Task Category | E3: Task Description | F3: Hours | G3: Notes | H3: COST | I3: NOTES
A4: 46151 | B4: Team Member 7 | C4: Project Manager - Lead | D4: Meeting | F4: 1h30m | G4: =IFERROR(IF(AND(ISNUMBER(SEARCH("h",F4)),ISNUMBER(SEARCH("m",F4))),VALUE(LEFT(F4,SEARCH("h",F4)-1))+VALUE(MID(F4,SEARCH("h",F4)+1,SEARCH("m",F4)-SEARCH("h",F4)-1))/60,IF(ISNUMBER(SEARCH("h",F4)),VALUE(LEFT(F4,SEARCH("h",F4)-1)),IF(ISNUMBER(SEARCH("m",F4)),VALUE(LEFT(F4,SEARCH("m",F4)-1))/60,VALUE(F4)))),0) -> 1.5 | H4: =IF(F4<>"",G4*RATE_HOURLY,"") -> 30
A5: 46151 | B5: Team Member 8 | C5: Project Manager | D5: Meeting | F5: 1h30m | G5: =IFERROR(IF(AND(ISNUMBER(SEARCH("h",F5)),ISNUMBER(SEARCH("m",F5))),VALUE(LEFT(F5,SEARCH("h",F5)-1))+VALUE(MID(F5,SEARCH("h",F5)+1,SEARCH("m",F5)-SEARCH("h",F5)-1))/60,IF(ISNUMBER(SEARCH("h",F5)),VALUE(LEFT(F5,SEARCH("h",F5)-1)),IF(ISNUMBER(SEARCH("m",F5)),VALUE(LEFT(F5,SEARCH("m",F5)-1))/60,VALUE(F5)))),0) -> 1.5 | H5: =IF(F5<>"",G5*RATE_HOURLY,"") -> 30
A6: TOTAL | F6: =IF(INT(G6)>0,INT(G6)&"h "&TEXT(ROUND((G6-INT(G6))*60,0),"0")&"m",TEXT(ROUND(G6*60,0),"0")&"m") -> 3h 0m | G6: =SUM(G4:G5) -> 3 | H6: =SUM(H4:H5) -> 60
